title,description,question,difficulty
"Три билборда на границе Эббинга, Миссури","Спустя несколько месяцев после убийства дочери Милдред Хейс преступники так и не найдены. Отчаявшаяся женщина решается на смелый шаг - арендует на въезде в город три билборда и оставляет на них послание главе полиции Уильяму Уиллоуби. Когда в ситуацию оказывается втянут ещё и заместитель шерифа Диксон, инфантильный маменькин сынок со склонностью к насилию, борьба между Милдред и властями города только усугубляется.","Помоги вспомнить фильм, где женщина использует билборды для борьбы с полицией после трагедии.?",3
Воин,"Боец Томми Конлон приезжает навестить отца, в прошлом алкоголика, которого не видел 14 лет. Семейное прошлое у Томми и его брата Брендана было не сильно радужное, но теперь Томми просит отца вновь, как и в детстве, стать его тренером, чтобы выиграть турнир MMA «Спарта» с призом в 5 миллионов долларов. В это же время Брендан, семьянин и отец троих детей, который работает учителем физики в школе, тщетно пытается справиться с финансовыми трудностями. Узнав, что банк через 3 месяца отберёт у них дом за долги, он возвращается к боям за деньги, из-за чего его в итоге отстраняют от работы. Заручившись поддержкой старого друга-тренера, он тоже решает участвовать в турнире, ещё не зная, что встретит там брата.","Помоги вспомнить фильм, где два брата участвуют в турнире MMA и сталкиваются друг с другом.?",3
Таксист,"В результате военного переворота в декабре 1979 года южнокорейским президентом становится Чон Ду-хван. После расстрела студенческой демонстрации в городе Кванджу местные жители решают массово выступить против режима. Диктатор бросает на подавление восстания военные части. 

В это время оказавшийся в Токио репортёр германской газеты решает проникнуть в Кванджу, чтобы донести до внешнего мира правду о том, что творится в Корее. Доставить немца в зону боевых действий и обратно должен простой сеульский таксист Ман-соп, который с утра даже не представлял, что скоро ему придется скрываться от военных патрулей.","О каком фильме идет речь: В результате военного переворота в декабре 1979 года южнокорейским президентом становится Чон Ду-хван. После расстрела студенческой демонстрации в городе Кванджу местные жители решают массово выступить против режима. Диктатор бросает на подавление восстания военные части. В это время оказавшийся в Токио репортёр германской газеты решает проникнуть в Кванджу, чтобы донести до внешнего мира правду о том, что творится в Корее. Доставить немца в зону боевых действий и обратно должен простой сеульский таксист Ман-соп, который с утра даже не представлял, что скоро ему придется скрываться от военных патрулей.?",5
Криминальное чтиво,"Двое бандитов Винсент Вега и Джулс Винфилд ведут философские беседы в перерывах между разборками и решением проблем с должниками криминального босса Марселласа Уоллеса.
В первой истории Винсент проводит незабываемый вечер с женой Марселласа Мией. Во второй Марселлас покупает боксёра Бутча Кулиджа, чтобы тот сдал бой. В третьей истории Винсент и Джулс по нелепой случайности попадают в неприятности.","Помоги вспомнить фильм, где бандиты ведут философские беседы между разборками.?",1
Суррогаты,"Действие разворачивается в будущем, в 2057 году, - когда люди практически перестанут общаться между собой и полностью возложат эту функцию на плечи роботов-заменителей. Они сильнее, моложе, привлекательнее своих обладателей и даже могут быть другого пола. Но находится террорист, начинающий уничтожать идеальных андроидов. Полицейскому Тому Гриру предстоит узнать, какие причины движут злоумышленником, лишающим жизни людей и их марионеток, технически и физически совершенных.","Помоги вспомнить фильм, где люди общаются через идеальных роботов-заменителей в будущем.?",4
Форрест Гамп,"Сидя на автобусной остановке, Форрест Гамп — не очень умный, но добрый и открытый парень — рассказывает случайным встречным историю своей необыкновенной жизни.

С самого малолетства парень страдал от заболевания ног, соседские мальчишки дразнили его, но в один прекрасный день Форрест открыл в себе невероятные способности к бегу. Подруга детства Дженни всегда его поддерживала и защищала, но вскоре дороги их разошлись.","Помоги вспомнить фильм, где главный герой начал бегать, несмотря на насмешки соседей.?",3
Апокалипсис,"1517 год. Полуостров Юкатан. В один день рушится мир индейца по имени Лапа Ягуара. Его деревню захватывает соседнее племя, уничтожая хижины, забирая местных жителей в плен. Его ведут в город, чтобы принести в жертву богам. Перед лицом неминуемой смерти Лапа Ягуара должен побороть свои самые сильные страхи и совершить отчаянный рывок, чтобы спасти то, что ему дорого.","Помоги вспомнить фильм, в котором индейца по имени Лапа Ягуара ведут в жертву богам.?",1
Фантастическая четверка,"Четыре космонавта в далёком космосе попали под действие неизвестных лучей и приобрели каждый свою суперспособность. После возвращения на Землю четверка встаёт на пути у врагов цивилизации, которые усиленно портят жизнь всего прогрессивного человечества.","Помоги вспомнить фильм, где группа космонавтов стала супергероями после встречи с загадочными лучами.?",4
Алеша Попович и Тугарин Змей,"Когда подступила к Ростову вражеская орда во главе с Тугариным Змеем, Алеша Попович не сумел уберечь жителей от выплаты дани. Теперь богатырь должен восстановить доброе имя, вернуть золото и прогнать неприятеля с земли русской. Он отправляется в путешествие, а помогут ему в этом дядька Тихон, девушка Любава, ее бабушка и говорящий конь Юлий.","Помоги вспомнить фильм, где главный герой пытается вернуть золото и прогнать врага с земли.?",1
Отель Мумбаи: Противостояние,"Мумбаи, 2008 год. Роскошный отель «Тадж-Махал Палас» — гарантия безопасности. К каждому гостю здесь относятся как к богу и требования к персоналу предъявляют самые высокие, но в тот день сотрудникам отеля пришлось особенно тяжело. Город подвергается многочисленным террористическим атакам, и когда вооруженные люди захватывают «Тадж-Махал», расстреливая всех встречных, оказавшимся в ловушке гостям и персоналу придётся пережить настоящий кошмар.","Помоги вспомнить фильм, где роскошный отель становится местом настоящего кошмара из-за террористической атаки.?",4
Клаус,"Владелец почтовой империи, чтобы научить ленивого отпрыска по имени Джеспер уму-разуму, отправляет его на крайний север в город Смиренсбург. Тот должен организовать там почтовое отделение и за год обработать не менее 6000 писем. Прибыв на место, парень оказывается в зоне боевых действий: два семейных клана, так уж исторически сложилось, питают взаимную ненависть и свято чтут многовековую традицию при любой возможности мутузить друг друга и делать пакости. Разумеется, в такой обстановке не до писем, и почтовое отделение давно превратилось в курятник. Уже практически отчаявшись, Джеспер посещает лесного отшельника по имени Клаус, и их знакомство положит начало удивительным событиям.","Помоги вспомнить фильм, где главный герой встречает лесного отшельника, чтобы изменить атмосферу в городе.?",4
Тепло наших тел,"Мир поражен чумой и стоит на грани вымирания. Покойники ходят по земле и норовят употребить в пищу живых, которые, оставшись в катастрофическом меньшинстве, с трудом держат оборону. Перемены начинаются, когда один зомби, чье имя при жизни начиналось на «Р», спасает девушку вместо того, чтобы ее съесть. Дружба, завязавшаяся между представителями враждующих сторон, грозит обоим самыми нехорошими последствиями. Но Р и Джули, сами того не подозревая, держат в руках простой и единственный ключ к спасению гибнущего мира.","Помоги вспомнить фильм, где зомби спасает девушку вместо того, чтобы ее съесть.?",1
Безумцы,"В окрестностях небольшого городка падает самолёт, на борту которого находится чрезвычайно опасный вирус. Зараза попадает в водную систему города, жители один за другим «заболевают» и начинают яростно бросаться на всех подряд. Военные оперативно запирают город на карантин, отстреливая зараженных.","Помоги вспомнить фильм, где город запирают на карантин из-за опасного вируса.?",3
Извне,"Затерянный в лесу городок пленяет каждого, кому не посчастливилось туда попасть — покинуть это место невозможно. Днем невольные жители пытаются выстроить подобие нормального быта и найти способ выбраться, а по ночам спасаются от страшных лесных обитателей, которые приходят навестить горожан сразу после захода солнца.","Помоги вспомнить фильм, где жители городка пытаются выжить среди лесных обитателей по ночам.?",3
Унесённые призраками,"Тихиро с мамой и папой переезжает в новый дом. Заблудившись по дороге, они оказываются в странном пустынном городе, где их ждет великолепный пир. Родители с жадностью набрасываются на еду и к ужасу девочки превращаются в свиней, став пленниками злой колдуньи Юбабы. Теперь, оказавшись одна среди волшебных существ и загадочных видений, Тихиро должна придумать, как избавить своих родителей от чар коварной старухи.","Помоги вспомнить фильм, где девочка должна спасти своих родителей от колдуньи в загадочном городе.?",4
Мстители: Война бесконечности,"Пока Мстители и их союзники продолжают защищать мир от различных опасностей, с которыми не смог бы справиться один супергерой, новая угроза возникает из космоса: Танос. Межгалактический тиран преследует цель собрать все шесть Камней Бесконечности — артефакты невероятной силы, с помощью которых можно менять реальность. Всё, с чем Мстители сталкивались ранее, вело к этому моменту — судьба Земли никогда ещё не была столь неопределённой.","Помоги вспомнить фильм, где супергерои объединяются против космического тирана, стремящегося собрать мощные артефакты.?",3
Нечто,"Команде ученых американской исследовательской станции в Антарктике предстоит столкнуться с необъяснимым кошмаром. Отрезанные от остального мира полярники вступают в схватку с инопланетной тварью, способной принимать обличье земных существ.","Помоги вспомнить фильм, где команда ученых сражается с инопланетным существом в холодной пустыне.?",3
Эта дурацкая любовь,"У Кола Уивера, пуританских взглядов семьянина, не жизнь, а мечта — хорошая работа, прекрасный дом, замечательные дети и брак со школьной возлюбленной. Но когда Кол узнает, что его жена Эмили изменила ему и хочет развода, его «идеальная» жизнь летит под откос. Проводя все свое свободное время в баре в дурном расположении духа, несчастный Кол внезапно становится протеже обаятельного молодого ловеласа Джейкоба Палмера. Пытаясь помочь Колу забыть жену и начать новую жизнь, Джейкоб открывает ему глаза на многочисленные возможности, открывающиеся перед ним: кокетливые женщины, крепкие напитки и чувство стиля, которое нельзя найти в дешевой парикмахерской или магазине распродаж.","Помоги вспомнить фильм, где семьянин открывает для себя новые возможности после изменений в личной жизни.?",5
Халк,"Доктор Брюс Бэннер (ученый, работающий над изобретением новой бомбы) подвергся воздействию гамма-лучей и превратился в Халка - существо невероятной физической силы, которое в состоянии ярости становится огромным зеленым монстром.

Его преследуют военные под предводительством генерала Росса, ему приходится бежать через всю страну. В конце концов, у него возникает любовная история с генеральской дочкой Бетти...","Помоги вспомнить фильм, где главный герой превращается в огромного зеленого монстра после воздействия радиации.?",4
По соображениям совести,"Медик американской армии времён Второй мировой войны Десмонд Досс, который служил во время битвы за Окинаву, отказывается убивать людей и становится первым идейным уклонистом в американской истории, удостоенным Медали Почёта.","Помоги вспомнить фильм, где главный герой отказывается убивать во время войны.?",2
Голодные игры,"Будущее. Деспотичное государство ежегодно устраивает показательные игры на выживание, за которыми в прямом эфире следит весь мир. В этот раз участвовать будут юная Китнисс и тайно влюбленный в нее Пит. Они знакомы с детства, но теперь должны стать врагами. Ведь по нерушимому закону Голодных игр победить может только один из 24 участников. Судьям не важно, кто выиграет, главное — зрелище. И на этот раз зрелище будет незабываемым.","Помоги вспомнить фильм, где юная героиня должна сразиться с другом детства на арене.?",2
Алиса в Пограничье,"Молодой безработный игроман Рёхэй Арису в очередной раз поссорился с отцом и старшим братом и ушёл из дома. Он встречается с двумя закадычными друзьями — один прогуливает работу, а другого уволили — в районе Сибуя, где ребята видят в небе странный салют, а после троицу накрывает новая реальность. Друзья оказываются в пустынной версии Токио и выясняют, что теперь им предстоит участвовать в жестоких играх на выживание, после успешного прохождения которых им будут выдаваться визы на несколько дней. Проигравших ждёт смерть, вышедших из игры ждёт смерть, и тех, кто отказывается продлевать визы, тоже ждёт мгновенная смерть от небесного лазера.","Помоги вспомнить фильм, где группа друзей участвует в жестоких играх на выживание в пустом Токио.?",2
Убить Билла,"В беременную наёмную убийцу по кличке Чёрная Мамба во время бракосочетания стреляет человек по имени Билл. Но голова у женщины оказалась крепкой — пролежав четыре года в коме, бывшая невеста приходит в себя. Она горит желанием найти предателей. Теперь только безжалостная месть успокоит сердце Чёрной Мамбы, и она начинает по очереди убивать членов банды Билла, решив оставить главаря напоследок.","Помоги вспомнить фильм, где главная героиня хочет отомстить за предательство во время бракосочетания.?",2
Босиком по мостовой,"Можно ли встретить более диковинную пару, чем Ник и Лайла — хронический аутсайдер и склонная к самоубийству, психически неустойчивая девушка?  Проработав лишь сутки уборщиком в психбольнице, Ник совершенно случайно предотвращает суицид Лайлы. После чего беззащитная, но упорная девушка однажды появляется на пороге его квартиры и остается с ним навсегда. Но есть ли еще место для любви в таких сердцах, искалеченных предвзятостью и стереотипами социума?","В каком фильме главные герои пытаются найти любовь, несмотря на свои внутренние демоны и социальные предвзятости?",5
Реальная любовь,"Любовь поистине правит всеми вокруг — от премьер-министра, влюбившегося в сотрудницу своего аппарата, до писателя, сбежавшего на юг Франции, чтобы склеить свое разбитое сердце.","Помоги вспомнить фильм, где любовь влияет на премьер-министра и писателя с разбитым сердцем.?",5
Дикие истории,"Гэбриела Пастернака обижали многие, с кем сводила его жизнь – девушка, учитель музыки, профессор в консерватории, дантист. И вот все они, на свою беду, оказались вместе с ним в одном самолете… Ночью в придорожной закусочной официантка узнает в посетителе ростовщика, который много лет назад довел до самоубийства ее отца. А у поварихи, в прошлом отсидевшей срок, для мести такому гаду сразу нашлось средство – крысиный яд… Городской красавчик ехал на своей мощной Audi по пустынной дороге и решил обогнать старый Peugeot, но сидевший за рулем провинциальный упырь решил не уступать. И вот уже кровавый итог бессмысленного соперничества не за горами…","Помоги вспомнить фильм, где в самолете собрались люди с общими обидами и неожиданными последствиями.?",3
Мир в огне,"После того как мощная солнечная вспышка уничтожила восточное полушарие Земли, охотник за сокровищами отправляется в Европу, чтобы найти «Мону Лизу». Вскоре он осознаёт, что его ждёт более важная миссия, чем поиск картины.","Помоги вспомнить фильм, где охотник за сокровищами сталкивается с чем-то более важным, чем просто искусство.?",5
Черепашки-ниндзя,"Город нуждается в героях. Тьма окутала Нью-Йорк в виде Шреддера и его зловещего Клана Футов, у которого имеется железный контроль над всеми, от полицейских до политиков. Будущее выглядит мрачным, пока из канализации не поднимается и не раскрывает своё предназначение четвёрка отверженных братьев — Черепашки-ниндзя. Черепашки должны работать вместе с бесстрашным репортёром Эйприл и её саркастическим оператором Верном Фенвиком, чтобы спасти город и разгадать дьявольский план Шреддера.","Помоги вспомнить фильм, где братья-черепашки сражаются с злым Шреддером в Нью-Йорке.?",2
Железный человек 3,"Когда мир Старка рушится на его глазах по вине неизвестных противников, Тони жаждет найти виновных и свести с ними счеты. Оказавшись в безвыходной ситуации, Старк может рассчитывать только на себя и свою изобретательность, чтобы защитить тех, кто ему дорог. Это становится настоящим испытанием для героя, которому придется не только сражаться с коварным врагом, но и разобраться в себе, чтобы найти ответ на вопрос, который давно его тревожит: что важнее - человек или костюм?","Помоги вспомнить фильм, где герой ищет баланс между своим человеческим существом и технологией.?",5
Пророк. История Александра Пушкина,"Пушкин молод, дерзок и любим публикой: он — звезда любого бала, поклонники носят его на руках, а девушки мечтают о его внимании. Но ни высокие покровители, ни верные друзья, ни известность не могут отвести от него злой рок — ссылки, дуэли, безденежье. Пока однажды он не встречает ту самую, единственную, кто осветит его жизнь и станет его судьбой.","Помоги вспомнить фильм, где молодой поэт сталкивается с роковыми событиями в своей жизни.?",2
Темный рыцарь: Возрождение легенды,"Восемь лет назад Бэтмен растворился в ночи, превратившись из героя в беглеца. Приняв на себя вину за смерть прокурора Харви Дента, он пожертвовал всем. Вместе с комиссаром Гордоном они решили, что так будет лучше для всех. Пока преступность была раздавлена антикриминальным актом Дента, ложь действовала.

Тем не менее, еще опаснее становится появление нового врага Бэйна, чье лицо закрыто маской.  Он разворачивает в Готэме чудовищную деятельность, и это вынуждает Брюса Уэйна выйти из импровизированного изгнания. Однако даже надев свой костюм, Бэтмен может проиграть Бэйну. Но с появлением хитрой воровки по прозвищу Женщина — Кошка с загадочным прошлым всё меняется.","Помоги вспомнить фильм, где Бэтмен становится беглецом после смерти прокурора.?",1
Как отделаться от парня за 10 дней,"Журналистка Энди Андерсон решает написать статью на тему: «Типичные ошибки, которыми женщины отталкивают от себя мужчин». Она планирует найти парня, завязать знакомство, а потом своим поведением добиться, чтобы тот её бросил. Редактор даёт ей на это 10 дней. На беду Энди ее выбор пал на молодого рекламного агента Бенджамина Бэрри, который сам как раз заключил со своим боссом пари, что он сможет влюбить в себя девушку за 10 дней. Может ли такое странное знакомство, основанное на авантюре и замешанное на лжи, привести к взаимности?","Помоги вспомнить фильм, где главные герои заключают пари о любви за 10 дней.?",3
Пацаны,"Действие сериала разворачивается в мире, где существуют супергерои. Именно они являются настоящими звездами. Их все знают и обожают. Но за идеальным фасадом скрывается гораздо более мрачный мир наркотиков и секса, а большинство героев — в жизни не самые приятные люди. Противостоит им отряд, неофициально известный как «Пацаны».","Помоги вспомнить сериал, где супергерои на самом деле оказались совсем не теми, кем кажутся.?",3
Дневники мертвецов,"Во время съемок фильма ужасов Джейсон Крид и его друзья, студенты колледжа, узнают невероятную новость: вымысел превратился в реальность, мертвецы восстали из мертвых! Испуганные и растерянные, ребята в страхе бегут домой, надеясь найти укрытие в родных стенах, но вскоре понимают, что возвращаться им больше некуда. 

Все, что было дорого Джейсону и его друзьям, все их надежды и мечты были растерзаны молчаливой толпой живых мертвецов. У них осталась только одна причина жить: фильм, который станет последней кинохроникой умирающей цивилизации. Ради возможности добавить еще одну печальную запись в «Дневники мертвецов», Джейсон не остановит съемку, даже когда зомби начнут разрывать на части его друзей.","Помоги вспомнить фильм, где студенты снимают фильм ужасов и сталкиваются с настоящими зомби.?",4
Субстанция,"Слава голливудской звезды Элизабет Спаркл осталась в прошлом, хотя она всё ещё ведёт фитнес-шоу на телевидении. Когда её передачу собираются перезапустить с ведущей помоложе, от отчаяния Элизабет решает принять инновационный препарат, создатели которого обещают невероятное преображение, но при соблюдении правила одной недели. Так на свет появляется молодая красотка Сью. Девушка начинает делать карьеру в шоу-бизнесе и вскоре решает, что семи дней ей маловато.","Помоги вспомнить фильм, где главная героиня принимает препарат для преображения и начинает карьеру в шоу-бизнесе.?",4
Балерина,"Когда Ева была маленькой, вооруженные люди во главе с мужчиной по прозвищу Канцлер оставили её сиротой. Так девочка оказалась в криминальной семье «Русска рома» на попечении Директрисы нью-йоркской балетной школы, одновременно служащей академией наемных убийц. Не добившись успехов в балете, но боевые курсы окончив с отличием, Ева отправляется в Европу мстить за папу.","Помоги вспомнить фильм, где главная героиня мстит за своего отца и обучалась балету.?",3
Обитель зла 3,"Элис, не раз уже спасавшая мир от смертельных вирусов и неминуемой гибели, вновь взялась за оружие. На этот раз ей предстоит сразиться с корпорацией «Амбрелла», работающей над реализацией зверского антигуманного проекта. Коварные политики и прагматичные ученые стремятся уничтожить людей и заменить их на более «совершенные» создания, заселив Землю неуязвимыми бессмертными клонами…","Помоги вспомнить фильм, где главная героиня сражается с корпорацией, замышляющей замену человечества клонами.?",5
Волк с Уолл-стрит,"1987 год. Джордан Белфорт становится брокером в успешном инвестиционном банке. Вскоре банк закрывается после внезапного обвала индекса Доу-Джонса. По совету жены Терезы Джордан устраивается в небольшое заведение, занимающееся мелкими акциями. Его настойчивый стиль общения с клиентами и врождённая харизма быстро даёт свои плоды. Он знакомится с соседом по дому Донни, торговцем, который сразу находит общий язык с Джорданом и решает открыть с ним собственную фирму. В качестве сотрудников они нанимают нескольких друзей Белфорта, его отца Макса и называют компанию «Стрэттон Оукмонт». В свободное от работы время Джордан прожигает жизнь: лавирует от одной вечеринки к другой, вступает в сексуальные отношения с проститутками, употребляет множество наркотических препаратов, в том числе кокаин и кваалюд. Однажды наступает момент, когда быстрым обогащением Белфорта начинает интересоваться агент ФБР...","Помоги вспомнить фильм, где главный герой открывает свою фирму с соседом по дому.?",3
Элио,"11-летний Элио, неудачник с богатой фантазией, случайно телепортируется в Коммуниверс — межпланетную организацию, объединяющую представителей далеких галактик. Ошибочно назначенный послом Земли и совершенно не готовый к такому давлению, Элио должен установить новые связи с эксцентричными инопланетянами, пройти ряд серьезных испытаний и узнать, кем ему суждено быть на самом деле.","Помоги вспомнить фильм, где мальчик стал послом Земли среди инопланетян и столкнулся с испытаниями.?",5
Человек-бензопила,"Подросток Дэндзи всего лишь хотел жить обычной жизнью и есть досыта, но оставшиеся после смерти отца долги вынуждают парня влачить полуголодное существование и жить в халупе. Чтобы расплатиться с якудза, он уже продал некоторые свои органы и даже промышляет нелегальной охотой на демонов, в чём ему помогает необычный питомец Потита, демоническое существо с бензопилой. Однажды коварные бандиты заманивают Дэндзи в ловушку и приносят в жертву, но Потита не даёт парню умереть. Он сращивает его тело и становится сердцем своего хозяина — теперь Дэндзи обладает повышенной регенерацией, а также может превращать конечности в бензопилы. Такого ценного кадра нанимает Бюро общественной безопасности, чтобы тот снова охотился на демонов. На новой работе парень знакомится с коллегами — меланхоличным охотником Аки, вспыльчивой полудемонессой Пауэр — и влюбляется в свою загадочную начальницу Макиму.","Помоги вспомнить фильм, где главный герой превращает свои конечности в бензопилы.?",1
"То лето, когда я похорошела",О любовном треугольнике между одной девушкой и двумя братьями.,"Помоги вспомнить фильм, где девушка оказывается в любовном треугольнике с двумя братьями.?",2
Одни из нас,"В конце сентября 2003 года по всей планете произошло массовое заражение людей кордицепсом. Прежде паразитировавший только на насекомых гриб приспособился выживать в человеческом теле, полностью подчиняя себе волю носителя и меняя его облик. В первый же день оказавшийся в эпицентре пандемии строитель Джоэл понёс невосполнимую утрату.
20 лет спустя Джоэл живёт в Бостонской карантинной зоне, которая находится под жёстким контролем Федерального агентства по урегулированию стихийных бедствий, и вместе со своей девушкой Тэсс пытается раздобыть автомобильный аккумулятор, чтобы отправиться на поиски брата в другой штат. Судьба сводит его с раненой лидершей повстанцев, которая обещает автомобиль и аккумулятор, если Джоэл и Тэсс доставят своенравную 14-летнюю сироту Элли к ожидающему её за пределами карантинной зоны отряду боевых товарищей.","Помоги вспомнить фильм, где главные герои ищут автомобильный аккумулятор в условиях пандемии.?",2
Приключения Тинтина: Тайна единорога,Главный герой — молодой газетный репортёр Тинтин. Благодаря своей профессии он путешествует по всему миру и становится участником увлекательных приключений.,"Помоги вспомнить фильм, где молодой репортёр исследует загадки и путешествует по миру.?",2
Тор 2: Царство тьмы,"Могучему Тору предстоит вновь сразиться за восстановление порядка в галактике, встретившись лицом к лицу с древней инопланетной расой, ведомой злодеем Малекитом, который жаждет установить в девяти мирах власть тьмы. Столкнувшись с врагом, более могущественным, чем сам Один и всё воинство Асгарда, Тор должен собрать силы для решающей битвы. Его ждёт опасное путешествие и долгожданная встреча со своей земной возлюбленной Джейн Фостер. Сможет ли Тор рискнуть самым дорогим, чтобы не дать тьме воцариться на просторах вселенной?","Помоги вспомнить фильм, где Тор сталкивается с инопланетной расой и рискует ради своей возлюбленной.?",3
Бойцовский клуб,"Сотрудник страховой компании страдает хронической бессонницей и отчаянно пытается вырваться из мучительно скучной жизни. Однажды в очередной командировке он встречает некоего Тайлера Дёрдена — харизматического торговца мылом с извращенной философией. Тайлер уверен, что самосовершенствование — удел слабых, а единственное, ради чего стоит жить, — саморазрушение.

Проходит немного времени, и вот уже новые друзья лупят друг друга почем зря на стоянке перед баром, и очищающий мордобой доставляет им высшее блаженство. Приобщая других мужчин к простым радостям физической жестокости, они основывают тайный Бойцовский клуб, который начинает пользоваться невероятной популярностью.","Помоги вспомнить фильм, где главный герой страдает бессонницей и встречает харизматичного торговца мылом.?",1
Роднина,"Впервые встав на лед, маленькая Ира понимает, что нашла свое призвание. Спустя годы талантливая спортсменка идет к заветной золотой медали, но судьба преподносит ей настоящие испытания. Преодолев тяжелую болезнь, измену партнера, конфликт с тренером, Ирина Роднина обретает настоящую любовь и, благодаря невероятной силе духа и жажде победы, бросает вызов всему миру — возвращается на лед, чтобы стать легендой советского и мирового спорта.","Помоги вспомнить фильм, где маленькая спортсменка преодолевает испытания ради своей мечты о золотой медали.?",4
Дюна: Часть вторая,"Герцог Пол Атрейдес присоединяется к фрименам, чтобы стать Муад Дибом, одновременно пытаясь остановить наступление войны.","Помоги вспомнить фильм, где герой становится лидером фрименов в борьбе против войны.?",4
Синяя тюрьма: Блю Лок,"Чтобы выиграть Чемпионат мира, японская футбольная ассоциация решает нанять загадочного и эксцентричного тренера Дзимпати Эго. Тот в уверенности, что в Японии нет хороших нападающих, создает Блю Лок — тюрьму, где триста юных талантливых футболистов соревнуются друг с другом. Победитель получит право стать нападающим национальной сборной, а проигравшим навсегда запретят играть за сборную.

Одним из участников становится Ёити Исаги, который мечтает стать величайшим нападающим в мире и привести Японию к футбольной славе.","Помоги вспомнить фильм, где главный герой стремится стать величайшим нападающим, участвуя в необычных соревнованиях.?",4
Ford против Ferrari,"В начале 1960-х Генри Форд II принимает решение улучшить имидж компании и сменить курс на производство более модных автомобилей. После неудавшейся попытки купить практически банкрота Ferrari американцы решают бросить вызов итальянским конкурентам на трассе и выиграть престижную гонку 24 часа Ле-Мана. Чтобы создать подходящую машину, компания нанимает автоконструктора Кэррола Шэлби, а тот отказывается работать без выдающегося, но, как считается, трудного в общении гонщика Кена Майлза. Вместе они принимаются за разработку впоследствии знаменитого спорткара Ford GT40.","Помоги вспомнить фильм, где Генри Форд II решает улучшить имидж компании.?",1
Бойфренд из будущего,"Тиму повезло – он молодой, симпатичный, многообещающий адвокат, а еще он… умеет перемещаться во времени. И чтобы очаровать девушку своей мечты, он готов повторять первое свидание вновь и вновь. Воистину,  любовь с первого взгляда не всегда выходит с первого раза...","Помоги вспомнить фильм, где парень использует путешествия во времени, чтобы добиться любви.?",2
Назад в будущее 2,"Продолжение фантастической истории о приключениях американского подростка во времени. На этот раз с помощью модернизированной Доком машины времени Марти из 80-х попадает в будущее.

Дети Марти в беде, и их надо выручать. Приходится повозиться со злодеем...","Помоги вспомнить фильм, где подросток из 80-х спасает своих детей в будущем от злодея.?",5
Пианист,"Фильм снят по автобиографии Владислава Шпильмана, одного из лучших пианистов Польши 30-х годов прошлого века. Главный герой фильма — Владек — занимается искусством до тех пор, пока территорию Польши не занимают нацисты. Жизнь всех евреев меняется: их помещают в Варшавское гетто, запрещают работать, унижают, заставляют носить отличительные повязки, а через некоторое время отправляют в концлагерь.","Помоги вспомнить фильм, где главный герой продолжает заниматься музыкой в условиях оккупации.?",3
Опасная игра Слоун,"Элизабет Слоун — самый востребованный и рисковый лоббист политического бизнеса США. Ловко ведя психологические игры и используя искусство манипуляции, она сражает оппонентов своей непредсказуемостью и никогда не проигрывает. Но когда она берется за самое сложное в своей карьере дело, то понимает, что цена победы может быть слишком высокой.","Помоги вспомнить фильм, где главная героиня — успешный лоббист с непредсказуемым стилем работы.?",1
Голый пистолет,"Обезвредив грабителей банка, Фрэнк Дребин — младший разнёс половину здания, за что получил запрет заниматься этим делом и был назначен на новое — расследование автоаварии, в которой погиб один из сотрудников технологической компании. Бывалый коп подозревает, что эти происшествия связаны, когда судьба сводит его с красоткой Бэт — сестрой погибшего и авторшей популярных детективных романов.","Помоги вспомнить фильм, где коп расследует смерть сотрудника технологической компании и встречает авторшу детективов.?",3
Патруль времени,"Передвижения во времени породили новый тип преступлений. Можно изменять события прошлого, контролировать финансовые рынки и даже уничтожать целые народы. Правительство США создает специальное полицейское подразделение - патруль времени. 

Продажный сенатор, рвущийся к президентскому креслу, отправляется в прошлое, чтобы изменить ход истории. Вслед за ним отправляется полицейский Макс Уокер. Его ждет не только смертельная опасность, но и сильнейшее искушение, ведь, попав в прошлое, он может предотвратить смерть любимой жены...","Помоги вспомнить фильм, где полицейский отправляется в прошлое ради спасения любимой.?",1
Из ада,"Он - воплощение тьмы и ужаса. Он самый таинственный и знаменитый из всех серийных убийц, известных истории. Он погрузил Англию в атмосферу страха и породил массу слухов и домыслов. Убийца, который знает больше простого мясника или лаборанта. Убивая, он совершает чудовищный ритуал. Его прозвище - Джек-Потрошитель.
Поймать его пытается инспектор Фред Эбберлайн. С помощью опиума он усиливает свой природный дар ясновидения и приходит к выводу, что дело Джека-Потрошителя – часть злодейского заговора, в который замешан Орден Масонов, выполняющий, в свою очередь, волю королевского дома.","Помоги вспомнить фильм, где инспектор использует опиум для расследования серийных убийств.?",2
Славные парни,"История о Генри Хилле — начинающем гангстере, занимающемся грабежами вместе с подельниками Джими Конвеем и Томми Де Вито, которые с легкостью убивают любого, кто встаёт у них на пути.","Помоги вспомнить фильм, где начинающий гангстер грабит вместе с двумя подельниками.?",3
Деревья на асфальте,"Добрая, душевная Анна Тимофеевна с болью покидала свой деревенский дом, своих односельчан. Сын Степан, опасаясь за здоровье матери, уговорил ее переехать в город. Чем могла, помогала она его семье и ждала возвращения из армии внука Генки, который, наконец, приехал с молодой красивой женой Светой. На смену радостным хлопотам пришла болезнь, после которой Анна Тимофеевна оказалась в загородном пансионате для престарелых. Затосковав по дому, она уезжает в родную деревню. Там она встречает Генку, и он становится для пожилой женщины самым близким и дорогим человеком.","Помоги вспомнить фильм, где пожилая женщина возвращается в родное место после болезни и встречает внука.?",4
Отель «Гранд Будапешт»,"Фильм рассказывает об увлекательных приключениях легендарного консьержа Густава и его юного друга, портье Зеро Мустафы. Сотрудники гостиницы становятся свидетелями кражи и поисков бесценных картин эпохи Возрождения, борьбы за огромное состояние богатой семьи и… драматических изменений в Европе между двумя кровопролитными войнами XX века.","Помоги вспомнить фильм, где консьерж и портье становятся свидетелями кражи картины.?",2
Хеллбой: Герой из пекла,"Вторая мировая война. Нацисты терпят одно сокрушительное поражение за другим. В результате исследования оккультных ритуалов в суперсекретной лаборатории учёным, работающим на фашистский режим, удаётся поднять из небытия Демона Ада, который должен помочь переломить ход войны.
Но в научную лабораторию тайно проникает отряд союзников и поворачивает это мистическое и грозное оружие против нацистов. Однако никто из участников эксперимента и не предполагает, что врата потустороннего мира после открытия окажутся неподвластны людям, и им придётся столкнуться с существами ещё более опасными и непредсказуемыми, чем Демон Ада.","Помоги вспомнить фильм, где нацисты пытаются использовать оккультные силы для изменения хода войны.?",4
"Карты, деньги, два ствола","Четверо приятелей накопили по 25 тысяч фунтов, чтобы один из них мог сыграть в карты с опытным шулером и матерым преступником, известным по кличке Гарри Топор. Парень проиграл 500 тысяч, на выплату долга ему дали неделю, а в противном случае и ему и его друзьям каждый день будут отрубать по пальцу. Ребята решают ограбить бандитов, решивших ограбить трех ботаников, выращивающих марихуану для местного наркобарона.","Помоги вспомнить фильм, в котором друзья пытаются спасти себя от отрубания пальцев.?",2
В джазе только девушки,"Когда чикагские музыканты Джо и Джерри случайно становятся свидетелями бандитской перестрелки, они решают уехать на поезде во Флориду вместе с женским ансамблем. Сперва их план срабатывает, но вскоре любвеобильная солистка влюбляется в Джо, а босс мафии находит музыкантов и решает срочно разделаться со свидетелями.","Помоги вспомнить фильм, где музыканты прячутся в женском ансамбле.?",1
Крестный отец,"Криминальная сага, повествующая о нью-йоркской сицилийской мафиозной семье Корлеоне. Фильм охватывает период 1945-1955 годов.

Глава семьи, Дон Вито Корлеоне, выдаёт замуж свою дочь. В это время со Второй мировой войны возвращается его любимый сын Майкл. Майкл, герой войны, гордость семьи, не выражает желания заняться жестоким семейным бизнесом. Дон Корлеоне ведёт дела по старым правилам, но наступают иные времена, и появляются люди, желающие изменить сложившиеся порядки. На Дона Корлеоне совершается покушение.","Помоги вспомнить фильм, где глава семьи выдаёт свою дочь замуж.?",1
Кракен,"Российский ракетный подводный крейсер специального назначения бесследно исчезает во время секретной миссии в Гренландском море. На его поиски отправляется экипаж под командованием Виктора Воронина, чей старший брат командовал пропавшей субмариной. 
Перед моряками стоит задача любыми силами найти подлодку и не допустить, чтобы новое секретное оружие попало в руки врага. В это же время из-за геологических исследований на полярной станции в северных водах пробуждается Кракен — гигантское чудовище, способное сливаться с подводной тьмой, обладающее высоким интеллектом. Именно с ним предстоит столкнуться морякам, разыскивающим пропавшую подводную лодку.","Помоги вспомнить фильм, в котором экипаж ищет подводную лодку и сталкивается с гигантским чудовищем.?",4
Ученик чудовища,"9-летний мальчик Рэн остался без родителей, сбежал от опекунов и скитался по улицам Токио. Там он встречает великого воина Медвежута — похожее на медведя чудище, явившееся из параллельного мира, чтобы найти себе ученика. Им и становится Рэн. В мире чудовищ мальчик получает имя Девята и под началом Медвежута начинает тренировки, чтобы стать мастером боевых искусств.","Помоги вспомнить фильм, где мальчик становится учеником существа из параллельного мира и тренируется в боевых искусствах.?",5
Мотылёк,"Взломщик сейфов по прозвищу Мотылёк получает пожизненный срок и отправляется на каторгу за убийство, которого он не совершал. Когда вокруг враги, а надежда угасает с каждым днём заключения, лишь сила духа может помочь Мотыльку обрести свободу.","Помоги вспомнить фильм, где главный герой оказывается на каторге за преступление, которого не совершал.?",1
Пролетая над гнездом кукушки,"Рэндла Патрика Макмёрфи, патологического преступника и бунтаря, переводят из колонии в психиатрическую клинику, чтобы установить, является он душевнобольным или нет. В клинике он обнаруживает, что отделение контролирует хладнокровная, строгая и одержимая распорядком старшая медсестра Милдред Рэтчед. Макмёрфи намерен не подчиняться абсурдным, на его взгляд, правилам и одновременно повеселиться от души. Его бунтарская натура заражает других пациентов, но сестра Рэтчед решительно настроена пресечь это.","Помоги вспомнить фильм, где главный герой бросает вызов строгой медсестре в психиатрической клинике.?",4
Карнавальная ночь,"Команда молодых работников клуба готовится к встрече Нового года. Они задумывают провести интересный и веселый праздник, но, на беду ребят, их берется контролировать директор клуба Огурцов — бюрократ, буквоед и чинуша. Собрав всех в своем кабинете, он подробно рассказывает о том, как правильно и полезно провести новогоднюю ночь. Организаторы понимают, что Огурцов собирается вместо праздника преподнести гостям клуба некий коктейль из смотра художественной самодеятельности и партсобрания. И тогда молодежь решает хитростью обойти недалекого начальника, чтобы организовать настоящий новогодний бал.","Помоги вспомнить фильм, где молодежь устраивает праздник, несмотря на строгого начальника и бюрократические преграды.?",3
Белый зомби,"Молодые влюбленные Нил и Мадлен отправляются в романтическое путешествие на Гаити. В пути на корабле герои знакомятся с весьма изысканным и учтивым господином, месье Бомоном. По прибытии на остров влюбленные решают остановиться у него. Бомон влюбляется в Мадлен и делает все, чтобы добиться взаимности. Когда девушка в очередной раз жестко отвергает ухаживания, он решается на крайний шаг и обращается за помощью к практикующему вуду колдуну. Тот дает герою зелье, которое должно превратить Мадлен в зомби.","Помоги вспомнить фильм, где вуду и зомби связаны с любовными интригами на тропическом острове.?",5
50 первых поцелуев,"Генри Рот влюбляется в очаровательную Люси. Несмотря на небольшие помехи, уже к вечеру настойчивому Ромео удается добиться взаимности красавицы. Молодые люди счастливы и уверены, что их любовь продлится вечно.

Увы, из-за последствий автомобильной аварии, девушка утром не помнит ничего из того, что произошло накануне. Несмотря на это, Генри не намерен сдаваться и собирается бороться за свою любовь, даже если ради этого ему и придется влюблять в себя Люси каждый день!","Помоги вспомнить фильм, где герой пытается влюбить девушку каждый день заново.?",2
Лихие,"Хабаровский край. Тайга. Павел Лиховцев, старший егерь и охотник на медведей, держит в тайге пасеку и воспитывает старшего сына Женьку настоящим мужиком. Но с приходом 90-х пасека разоряется. Павел с семьёй вынужден ехать в Хабаровск в поисках лучшей жизни. В это время в городе идёт передел сфер влияния — вся власть и все ресурсы переходят к ОПГ «Общак». Устроившись на работу водителем к Юре Крабу, бывшему соседу по посёлку и крёстному Женьки, Павел попадает в эпицентр бандитских разборок.","Помоги вспомнить фильм, в котором старший егерь воспитывает сына в тайге.?",1
Сопрано,"Мафиозный босс Северного Джерси Тони Сопрано эффективно решает проблемы «семьи». Но с собственной роднёй ситуация сложнее: дети от рук отбились, брак под угрозой, в отношениях с пожилой матерью сплошное недопонимание. После серии панических атак он решает тайно посещать психотерапевта.","Помоги вспомнить фильм, где мафиозный босс сталкивается с трудностями в семейных отношениях и обращается к психотерапевту.?",5
Слабый герой,"Невысокий спокойный старшеклассник Ён Щи-ын только и делает, что прилежно учится и готовится к экзаменам. В его классе свирепствует буллер, который, получив от тихони жёсткий отпор, решает испортить тому экзамен с помощью новенького ученика. Но у Щи-ына находится неожиданный союзник — бывший спортсмен Ан Су-хо, вечно спящий на задней парте.","Помоги вспомнить фильм, где спокойный старшеклассник получает поддержку от бывшего спортсмена.?",3
Тетрадь смерти,"Старшеклассник Лайт Ягами решил освободить мир ото зла с помощью сверхъестественной Тетради смерти. Если написать настоящее имя человека в эту тетрадь, он умрёт. Однако одного имени недостаточно: необходимо знать также и внешность жертвы. Лайт начинает массовые убийства преступников по всему миру, но его берётся остановить таинственный детектив под кодовым именем L.","Помоги вспомнить фильм, где главный герой использует тетрадь для борьбы с преступностью.?",5
Один дома 2: Затерянный в Нью-Йорке,"Самый маленький герой Америки устраивает большой переполох в Нью-Йорке! Кевин МакКалистер вернулся! Но теперь он один не дома, а в Нью-Йорке и у него достаточно денег и кредитных карточек, чтобы превратить Большое Яблоко в собственную площадку для игр.

Но, как всегда, Кевину не суждено быть долго одному: его старые приятели ― жулики Гарри и Марв ― сбежали из тюрьмы, куда они попали стараниями Кевина. И надо же им было попасть именно в тот город, где Кевин планировал поразвлечься! Новые западни и ловушки уже ждут горе-бандитов.","Помоги вспомнить фильм, где главный герой использует деньги и кредитки для развлечений в большом городе.?",3
Мой парень – псих,"Бывший школьный учитель Пэт, проведя в психиатрической больнице восемь месяцев, возвращается в родительский дом. Он одержим мыслью помириться с бывшей супругой, к которой не имеет права приближаться по решению суда. Но знакомство с эксцентричной девушкой Тиффани зажигает в Пэте лучик надежды.","Помоги вспомнить фильм, где главный герой встречает девушку, чтобы изменить свою жизнь после психбольницы.?",5
Привидение,"Влюблённая пара Сэм и Молли возвращается домой после приятного вечера, когда на них нападает грабитель. Защищаясь, Сэм погибает и становится призраком. Он узнаёт, что его смерть не была случайной, а над его возлюбленной нависла смертельная опасность. Чтобы предупредить Молли, Сэм начинает обход практикующих медиумов и, о чудо! - находит женщину, которая действительно может его слышать. Только вот сама она не горит желанием помогать назойливому привидению.","Помоги вспомнить фильм, где призрак пытается предупредить свою возлюбленную о смертельной опасности.?",2
Вики Кристина Барселона,"Две молодые американки Вики и Кристина проводят свои летние каникулы в Барселоне и совершенно очарованы этим городом, а также одним молодым художником по имени Антонио. Вики — старомодна и настроена на серьезные отношения: ухаживания, свидания и свадебную фату в финале. Кристина — сексуально раскрепощена, раскованна и привлекательна в своей бунтарской сущности. 

Антонио не может определиться, его привлекают обе девушки. Отношения в любовном треугольнике становятся все более запутанными, а тут еще в игру вступает бывшая жена Антонио, обладающая весьма взрывным темпераментом, и похоже на то, что она не до конца отказалась от своих прав на бывшего мужа.","Помоги вспомнить фильм, где две американки очарованы художником в Барселоне, но сталкиваются с его взрывной экс-женой.?",4
Бэтмен,"В раннем детстве юный наследник Брюс Уэйн стал свидетелем убийства своих родителей и после этого стал ненавидеть преступность. В Готэме все чаще случались насилие, ограбления и убийства. В трудное для города время появляется герой, способный укротить любого преступника и заставить его бежать в страхе. Таинственный мститель, герой по прозвищу «Бэтмен», встал на защиту слабых и начал свою борьбу с преступниками. Раскрыть таинственность героя, узнать, кто скрывается за маской героя хотят журналистка Вики Вейл и репортер Нокс. Тем временем один из преступников, уходя от полицейской погони, упал в чан с химикатами и превратился в Джокера, который стал угрозой для города. Только Бэтмен может ему помешать...","Помоги вспомнить фильм, где юный наследник стал мстителем после трагедии в своем детстве.?",5
Бесстыжие,"О взбалмошной многодетной семье Галлагеров и их соседях, которые веселятся, попадают в самые невероятные ситуации и пытаются выжить в этом мире всеми возможными средствами, но при этом как можно меньше работая.","Помоги вспомнить фильм, где главные герои пытаются выжить, не желая много работать.?",4
Судья Дредд,"Будущее не столь красочно и великолепно, каким его представляют современные люди. Через несколько столетий человечество окажется на грани самоуничтожения, захлёбываясь в кровавых преступлениях, смертельных грехах и беспорядочных убийствах. Старую систему правосудия будет невозможно использовать - анархия, всеобщие беспорядки вынуждают ещё сохранившуюся власть, тем не менее, потерявшую всякий авторитет и легитимность, пойти на отчаянные крайние меры и ввести институт Судей - универсальных полицейских, правоприменителей, а по совместительству - и прокуроров, которые упростили бы весь процесс задержания, следствия и судебных тяжб, совмещая в одном лице все должности блюстителей и защитников правопорядка.

Негодяи, подонки, вконец обнаглевшие и распоясавшиеся преступники и бандитские группировки всё равно не желают сдавать свои упрочившие позиции, опасаясь лишь одного - встречи с легендарным Судьёй Дреддом, пересажавшим или расстрелявшим не одну сотню насильников, террористов и жадных до человеческих страданий маньяков. В то время, как беспорядки и бесчинства бушуют на улицах города, Дредд спешит вернуть порядок, Закон и тишину, которым, кажется, уже никогда не обрести свою былую полноту, мощь и силу...","Помоги вспомнить фильм, где главный герой сочетает в себе функции полицейского и прокурора.?",4
Властелин колец: Две крепости,"Братство распалось, но Кольцо Всевластья должно быть уничтожено. Фродо и Сэм вынуждены довериться Голлуму, который взялся провести их к вратам Мордора. Громадная армия Сарумана приближается: члены братства и их союзники готовы принять бой. Битва за Средиземье продолжается.","Помоги вспомнить фильм, в котором Фродо и Сэм доверяются Голлуму.?",2
Люди Икс,"Они — дети атомного века, сверхлюди, новое звено в цепи эволюции. Каждый из них был рождён в результате уникальной генетической мутации, наделившей их с детства необыкновенными способностями. Под руководством профессора Чарльза Ксавьера, телепата с мировым именем, одарённые ученики научились контролировать и управлять своими удивительными способностями в интересах человечества.

Но не все мутанты разделяют взгляды профессора: могущественный мутант Магнето, которому подвластны все металлы, собрал команду единомышленников. Он не верит, что люди и мутанты когда-либо смогут мирно сосуществовать. Они разработали план, чтобы осуществить захват власти над миром, и тогда, только ученики профессора Ксавьера смогут защитить этот мир…","Помоги вспомнить фильм, где есть профессор с уникальными телепатическими способностями.?",2
Добро пожаловать в Zомбилэнд,"После нашествия зомби в США небольшая группа выживших скитается по стране от побережья к побережью, сражаясь с живыми мертвецами. Они решают остановиться  в парке развлечений, надеясь, что там будут в безопасности.","Помоги вспомнить фильм, где группа выживших ищет укрытие в парке развлечений во время зомби-апокалипсиса.?",5
Гарри Поттер и Принц-полукровка,"Теперь не только мир волшебников, но и мир маглов ощущает на себе всевозрастающую силу Волан-де-Морта, а Хогвартс уже никак не назовешь надежным убежищем. Гарри подозревает, что в самом замке затаилась некая опасность, но Дамблдор больше сосредоточен на том, чтобы подготовить его к финальной схватке, которая, как он знает, уже не за горами. Вместе они пытаются разгадать секрет бессмертия Волан-де-Морта, а для этого Дамблдор приглашает на должность преподавателя по зельеварению своего старинного друга и коллегу — профессора Горация Слизнорта.","Помоги вспомнить фильм, где Гарри и Дамблдор исследуют тайны, связанные с неким зельем и угрозой изнутри.?",5
"Влюбись в меня, если осмелишься","Судьба свела их не зря: вдвоем они были странной, но гармоничной парой. Они придумали игру «осмелишься — не осмелишься», в которой брали друг друга «на слабо». Даже повзрослев, они веселились, делали друг другу больно, страдали, но не хотели друг другу уступать. Они знали, что любят друг друга, но игра всегда возвращалась.","Помоги вспомнить фильм, где герои играли в «осмелишься — не осмелишься»?",1
Лицо со шрамом,"Весной 1980 года был открыт порт Мэйриэл Харбор, и тысячи кубинских беженцев ринулись в Соединенные Штаты на поиски Американской Мечты. Один из них нашел ее на залитых солнцем улицах Майами. Богатство, власть и страсть превзошли даже самые невероятные его мечты. Его звали Тони Монтана. Мир запомнил его под другим именем — Лицо со шрамом.","Помоги вспомнить фильм, где кубинский беженец добивается богатства и власти в Майами.?",3
Кин-дза-дза!,"Прораб Владимир Николаевич Машков и не подозревал, что обычный путь до универсама за хлебом и макаронами обернется межгалактическим путешествием. А все эта встреча со странным босоногим человеком с каким-то маленьким устройством — «машинкой перемещения», как тот ее назвал. Владимир Николаевич нажал кнопку и оказался вместе со случайным попутчиком, студентом в кроличьей шапке, в какой-то пустыне — на планете Плюк в тентуре, галактика Кин-дза-дза в спирали.","Помоги вспомнить фильм, где герой случайно попадает на планету с необычным названием, связанный с пустыней.?",4
Лузеры,"«Лузеры» – сумасшедший экшн о предательстве и мести, рассказывающий о членах элитного отряда специального назначения, которых отправили в джунгли Боливии. Им поставили задачу «найти и уничтожить», но на месте выясняется, что команду – Клэя, Дженсена, Рока, Пуча и Кугара – подставили, и они попали под перекрестный огонь двух противоборствующих лагерей. Смертельное противостояние было спровоцировано изнутри могущественным врагом, о котором известно лишь одно: его имя – Макс. 
Решив сыграть на том, что они числятся погибшими, члены отряда уходят в глубокое подполье и составляют опасный план по восстановлению своей репутации и сведению счетов с Максом. К ним присоединяется загадочная Аиша – красавица-агент, работающая по заданию, но вполне способная внести коррективы в заданный сверху план. В перерывах между разборками друг с другом им необходимо всегда оставаться на шаг впереди разъезжающего по всему миру Макса – беспощадного негодяя, намеревающегося втянуть мир в новую высокотехнологичную мировую войну только ради собственной выгоды. Если они смогут победить Макса и одновременно спасти мир, это будет настоящей удачей для команды, известной теперь как ЛУЗЕРЫ.","Помоги вспомнить фильм, где команда подставленных солдат пытается восстановить свою репутацию.?",1
Земля мертвых,"Зомби заполонили мир, и последние люди пытаются спастись, будучи заложниками ситуации в городе, окружённом неприступной стеной. Однако скоро и они окажутся под угрозой со стороны еще более опасных существ.","Помоги вспомнить фильм, где люди становятся заложниками в окруженном городе с зомби и более опасными существами.?",4
Бесславные ублюдки,"Вторая мировая война. В оккупированной немцами Франции группа американских солдат-евреев наводит страх на нацистов, жестоко убивая и скальпируя солдат.","Помоги вспомнить фильм, где группа солдат-евреев устраивает ужас для нацистов во время войны.?",5
День сурка,"Телевизионный комментатор Фил Коннорс каждый год приезжает в маленький городок в штате Пенсильвания на празднование Дня сурка. Но на этот раз веселье рискует зайти слишком далеко. Время сыграло с ним злую шутку: оно взяло да и остановилось.

Теперь на календаре Фила чернеет одна и та же дата - 2 февраля, из которой он никак не может выбраться. Неунывающий ведущий пытается извлечь выгоду из своего комичного положения: впереди у него уйма времени и безмятежное предсказуемое будущее.

Отныне с ним не случится ничего плохого... и ничего хорошего. У Фила осталась одна заветная мечта, простая и незамысловатая - 3 февраля...","Помоги вспомнить фильм, где главный герой застрял в одном и том же дне.?",1
Супермен,"Кларк Кент, родившийся на планете Криптон, но выросший в простой американской семье, считает своим долгом служение человечеству в качестве Супермена. Он предотвращает вторжение сил Боравии в соседнюю страну, чем навлекает на себя гнев Лекса Лютора, который со своими приспешниками проникает на криптонский корабль Супермена и очерняет его перед общественностью.","Помоги вспомнить фильм, где главный герой летает и спасает человечество.?",1
Поток,"Происходит глобальное наводнение, и черный кот вынужден спасаться в лодке вместе с другими животными.","Помоги вспомнить фильм, где кот спасается на лодке во время наводнения.?",2
Ночь живых мертвецов,"Брат и сестра приезжают навестить могилу матери. Брат пугает сестру рассказами о зомби, не подозревая, что они весьма недалеки от реальности. Внезапно на них набрасывается покойник — брата убивают, а Барбара убегает, обнаруживая по дороге фермерский дом. Через какое-то время к нему подъезжает Бен, в бензобаке машины которого кончился бензин. Они решают остаться в доме и готовиться к обороне.","Помоги вспомнить фильм, где брат пугает сестру рассказами о зомби.?",2
Оппенгеймер,"История жизни американского физика-теоретика Роберта Оппенгеймера, который во времена Второй мировой войны руководил Манхэттенским проектом — секретными разработками ядерного оружия.","Помоги вспомнить фильм, где главный герой связан с ядерным оружием и Второй мировой войной.?",2
Чего хотят женщины,"Сексапильный Ник Маршал находится на пике карьеры в рекламном агентстве и рассчитывает на повышение, но его место занимает Дарси Макгуайр. Однажды с Ником происходит несчастный случай, после которого он начинает читать женские мысли. С помощью этого дара плейбой хочет вернуть утраченные позиции на работе, но вместо этого находит свою любовь.","Можешь подсказать, в каком фильме главный герой начинает слышать мысли женщин после несчастного случая?",5
Человек-паук 2,"Тихоня Питер Паркер балансирует на грани двух своих жизней: супергероя Человека-паука и обычного студента колледжа. Его отношения со всеми, кто ему дорог, в опасности или зашли в тупик. А жизнь приготовила ему новое испытание. Он должен использовать все свои суперспособности, чтобы одолеть жестокого безумца доктора Отто Октавиуса.","Помоги вспомнить фильм, где есть студент-который-супергерой и злодей с механическими щупальцами.?",1
Аватар,"Бывший морпех Джейк Салли прикован к инвалидному креслу. Несмотря на немощное тело, Джейк в душе по-прежнему остается воином. Он получает задание совершить путешествие в несколько световых лет к базе землян на планете Пандора, где корпорации добывают редкий минерал, имеющий огромное значение для выхода Земли из энергетического кризиса.","Помоги вспомнить фильм, где главный герой — бывший морпех в инвалидном кресле.?",1
Молодёжка,"«Медведи» никогда не были лидерами своей лиги. Но теперь все будет по-другому — за команду берется новый тренер Сергей Макеев. Когда-то он блеснул в НХЛ, но после травмы завершил карьеру игрока. Перед новоиспеченным тренером стоит невыполнимая задача — выиграть чемпионат и превратить команду любителей в настоящих профи. Но вот только как это сделать, ведь у его игроков в их 15-17 лет есть еще так много интересных дел. Да и в клубе не все рады приходу слишком активного новичка…","Помоги вспомнить фильм, где бывший хоккеист пытается превратить команду любителей в профессионалов.?",5
